0,-9223372036854775808,-9223372036854775808,-9223372036854775808,-9223372036854775808,-9223372036854775808,-9223372036854775808,-9223372036854775808,-9223372036854775808,-9223372036854775808,-9223372036854775808,-9223372036854775808,-9223372036854775808,-9223372036854775808,-9223372036854775808,-9223372036854775808,-9223372036854775808,-9223372036854775808,-9223372036854775808,-9223372036854775808,-9223372036854775808,-9223372036854775808,-9223372036854775808,-9223372036854775808,-9223372036854775808,-9223372036854775808,-9223372036854775808,-9223372036854775808,-9223372036854775808,-9223372036854775808,-9223372036854775808,-9223372036854775808,-9223372036854775808,-9223372036854775808,-9223372036854775808
1,-9223372036854775808,-9223372036854775808,-9223372036854775808,-9223372036854775808,-9223372036854775808,-9223372036854775808,-9223372036854775808,-9223372036854775808,-9223372036854775808,-9223372036854775808,-9223372036854775808,-9223372036854775808,-9223372036854775808,-9223372036854775808,-9223372036854775808,-9223372036854775808,-9223372036854775808,-9223372036854775808,-9223372036854775808,-9223372036854775808,-9223372036854775808,-9223372036854775808,-9223372036854775808,-9223372036854775808,-9223372036854775808,-9223372036854775808,-9223372036854775808,-9223372036854775808,-9223372036854775808,-9223372036854775808,-9223372036854775808,-9223372036854775808,-9223372036854775808,-9223372036854775808
2,-9223372036854775808,-9223372036854775808,-9223372036854775808,-9223372036854775808,-9223372036854775808,-9223372036854775808,-9223372036854775808,-9223372036854775808,-9223372036854775808,-9223372036854775808,-9223372036854775808,-9223372036854775808,-9223372036854775808,-9223372036854775808,-9223372036854775808,-9223372036854775808,-9223372036854775808,-9223372036854775808,-9223372036854775808,-9223372036854775808,-9223372036854775808,-9223372036854775808,-9223372036854775808,-9223372036854775808,-9223372036854775808,-9223372036854775808,-9223372036854775808,-9223372036854775808,-9223372036854775808,-9223372036854775808,-9223372036854775808,-9223372036854775808,-9223372036854775808,-9223372036854775808
3,-9223372036854775808,-9223372036854775808,-9223372036854775808,-9223372036854775808,-9223372036854775808,-9223372036854775808,-9223372036854775808,-9223372036854775808,-9223372036854775808,-9223372036854775808,-9223372036854775808,-9223372036854775808,-9223372036854775808,-9223372036854775808,-9223372036854775808,-9223372036854775808,-9223372036854775808,-9223372036854775808,-9223372036854775808,-9223372036854775808,-9223372036854775808,-9223372036854775808,-9223372036854775808,-9223372036854775808,-9223372036854775808,-9223372036854775808,-9223372036854775808,-9223372036854775808,-9223372036854775808,-9223372036854775808,-9223372036854775808,-9223372036854775808,-9223372036854775808,-9223372036854775808
4,-9223372036854775808,-9223372036854775808,-9223372036854775808,-9223372036854775808,-9223372036854775808,-9223372036854775808,-9223372036854775808,-9223372036854775808,-9223372036854775808,-9223372036854775808,-9223372036854775808,-9223372036854775808,-9223372036854775808,-9223372036854775808,-9223372036854775808,-9223372036854775808,-9223372036854775808,-9223372036854775808,-9223372036854775808,-9223372036854775808,-9223372036854775808,-9223372036854775808,-9223372036854775808,-9223372036854775808,-9223372036854775808,-9223372036854775808,-9223372036854775808,-9223372036854775808,-9223372036854775808,-9223372036854775808,-9223372036854775808,-9223372036854775808,-9223372036854775808,-9223372036854775808
5,-9223372036854775808,-9223372036854775808,-9223372036854775808,-9223372036854775808,-9223372036854775808,-9223372036854775808,-9223372036854775808,-9223372036854775808,-9223372036854775808,-9223372036854775808,-9223372036854775808,-9223372036854775808,-9223372036854775808,-9223372036854775808,-9223372036854775808,-9223372036854775808,-9223372036854775808,-9223372036854775808,-9223372036854775808,-9223372036854775808,-9223372036854775808,-9223372036854775808,-9223372036854775808,-9223372036854775808,-9223372036854775808,-9223372036854775808,-9223372036854775808,-9223372036854775808,-9223372036854775808,-9223372036854775808,-9223372036854775808,-9223372036854775808,-9223372036854775808,-9223372036854775808
6,-9223372036854775808,-9223372036854775808,-9223372036854775808,-9223372036854775808,-9223372036854775808,-9223372036854775808,-9223372036854775808,-9223372036854775808,-9223372036854775808,-9223372036854775808,-9223372036854775808,-9223372036854775808,-9223372036854775808,-9223372036854775808,-9223372036854775808,-9223372036854775808,-9223372036854775808,-9223372036854775808,-9223372036854775808,-9223372036854775808,-9223372036854775808,-9223372036854775808,-9223372036854775808,-9223372036854775808,-9223372036854775808,-9223372036854775808,-9223372036854775808,-9223372036854775808,-9223372036854775808,-9223372036854775808,-9223372036854775808,-9223372036854775808,-9223372036854775808,-9223372036854775808
7,-9223372036854775808,-9223372036854775808,-9223372036854775808,-9223372036854775808,-9223372036854775808,-9223372036854775808,-9223372036854775808,-9223372036854775808,-9223372036854775808,-9223372036854775808,-9223372036854775808,-9223372036854775808,-9223372036854775808,-9223372036854775808,-9223372036854775808,-9223372036854775808,-9223372036854775808,-9223372036854775808,-9223372036854775808,-9223372036854775808,-9223372036854775808,-9223372036854775808,-9223372036854775808,-9223372036854775808,-9223372036854775808,-9223372036854775808,-9223372036854775808,-9223372036854775808,-9223372036854775808,-9223372036854775808,-9223372036854775808,-9223372036854775808,-9223372036854775808,-9223372036854775808
8,-9223372036854775808,-9223372036854775808,-9223372036854775808,-9223372036854775808,-9223372036854775808,-9223372036854775808,-9223372036854775808,-9223372036854775808,-9223372036854775808,-9223372036854775808,-9223372036854775808,-9223372036854775808,-9223372036854775808,-9223372036854775808,-9223372036854775808,-9223372036854775808,-9223372036854775808,-9223372036854775808,-9223372036854775808,-9223372036854775808,-9223372036854775808,-9223372036854775808,-9223372036854775808,-9223372036854775808,-9223372036854775808,-9223372036854775808,-9223372036854775808,-9223372036854775808,-9223372036854775808,-9223372036854775808,-9223372036854775808,-9223372036854775808,-9223372036854775808,-9223372036854775808
9,-9223372036854775808,-9223372036854775808,-9223372036854775808,-9223372036854775808,-9223372036854775808,-9223372036854775808,-9223372036854775808,-9223372036854775808,-9223372036854775808,-9223372036854775808,-9223372036854775808,-9223372036854775808,-9223372036854775808,-9223372036854775808,-9223372036854775808,-9223372036854775808,-9223372036854775808,-9223372036854775808,-9223372036854775808,-9223372036854775808,-9223372036854775808,-9223372036854775808,-9223372036854775808,-9223372036854775808,-9223372036854775808,-9223372036854775808,-9223372036854775808,-9223372036854775808,-9223372036854775808,-9223372036854775808,-9223372036854775808,-9223372036854775808,-9223372036854775808,-9223372036854775808
10,-9223372036854775808,-9223372036854775808,-9223372036854775808,-9223372036854775808,-9223372036854775808,-9223372036854775808,-9223372036854775808,-9223372036854775808,-9223372036854775808,-9223372036854775808,-9223372036854775808,-9223372036854775808,-9223372036854775808,-9223372036854775808,-9223372036854775808,-9223372036854775808,-9223372036854775808,-9223372036854775808,-9223372036854775808,-9223372036854775808,-9223372036854775808,-9223372036854775808,-9223372036854775808,-9223372036854775808,-9223372036854775808,-9223372036854775808,-9223372036854775808,-9223372036854775808,-9223372036854775808,-9223372036854775808,-9223372036854775808,-9223372036854775808,-9223372036854775808,-9223372036854775808
11,-9223372036854775808,-9223372036854775808,-9223372036854775808,-9223372036854775808,-9223372036854775808,-9223372036854775808,-9223372036854775808,-9223372036854775808,-9223372036854775808,-9223372036854775808,-9223372036854775808,-9223372036854775808,-9223372036854775808,-9223372036854775808,-9223372036854775808,-9223372036854775808,-9223372036854775808,-9223372036854775808,-9223372036854775808,-9223372036854775808,-9223372036854775808,-9223372036854775808,-9223372036854775808,-9223372036854775808,-9223372036854775808,-9223372036854775808,-9223372036854775808,-9223372036854775808,-9223372036854775808,-9223372036854775808,-9223372036854775808,-9223372036854775808,-9223372036854775808,-9223372036854775808
12,-9223372036854775808,-9223372036854775808,-9223372036854775808,-9223372036854775808,-9223372036854775808,-9223372036854775808,-9223372036854775808,-9223372036854775808,-9223372036854775808,-9223372036854775808,-9223372036854775808,-9223372036854775808,-9223372036854775808,-9223372036854775808,-9223372036854775808,-9223372036854775808,-9223372036854775808,-9223372036854775808,-9223372036854775808,-9223372036854775808,-9223372036854775808,-9223372036854775808,-9223372036854775808,-9223372036854775808,-9223372036854775808,-9223372036854775808,-9223372036854775808,-9223372036854775808,-9223372036854775808,-9223372036854775808,-9223372036854775808,-9223372036854775808,-9223372036854775808,-9223372036854775808
13,-9223372036854775808,-9223372036854775808,-9223372036854775808,-9223372036854775808,-9223372036854775808,-9223372036854775808,-9223372036854775808,-9223372036854775808,-9223372036854775808,-9223372036854775808,-9223372036854775808,-9223372036854775808,-9223372036854775808,-9223372036854775808,-9223372036854775808,-9223372036854775808,-9223372036854775808,-9223372036854775808,-9223372036854775808,-9223372036854775808,-9223372036854775808,-9223372036854775808,-9223372036854775808,-9223372036854775808,-9223372036854775808,-9223372036854775808,-9223372036854775808,-9223372036854775808,-9223372036854775808,-9223372036854775808,-9223372036854775808,-9223372036854775808,-9223372036854775808,-9223372036854775808
14,-9223372036854775808,-9223372036854775808,-9223372036854775808,-9223372036854775808,-9223372036854775808,-9223372036854775808,-9223372036854775808,-9223372036854775808,-9223372036854775808,-9223372036854775808,-9223372036854775808,-9223372036854775808,-9223372036854775808,-9223372036854775808,-9223372036854775808,-9223372036854775808,-9223372036854775808,-9223372036854775808,-9223372036854775808,-9223372036854775808,-9223372036854775808,-9223372036854775808,-9223372036854775808,-9223372036854775808,-9223372036854775808,-9223372036854775808,-9223372036854775808,-9223372036854775808,-9223372036854775808,-9223372036854775808,-9223372036854775808,-9223372036854775808,-9223372036854775808,-9223372036854775808
15,-9223372036854775808,-9223372036854775808,-9223372036854775808,-9223372036854775808,-9223372036854775808,-9223372036854775808,-9223372036854775808,-9223372036854775808,-9223372036854775808,-9223372036854775808,-9223372036854775808,-9223372036854775808,-9223372036854775808,-9223372036854775808,-9223372036854775808,-9223372036854775808,-9223372036854775808,-9223372036854775808,-9223372036854775808,-9223372036854775808,-9223372036854775808,-9223372036854775808,-9223372036854775808,-9223372036854775808,-9223372036854775808,-9223372036854775808,-9223372036854775808,-9223372036854775808,-9223372036854775808,-9223372036854775808,-9223372036854775808,-9223372036854775808,-9223372036854775808,-9223372036854775808
16,-9223372036854775808,-9223372036854775808,-9223372036854775808,-9223372036854775808,-9223372036854775808,-9223372036854775808,-9223372036854775808,-9223372036854775808,-9223372036854775808,-9223372036854775808,-9223372036854775808,-9223372036854775808,-9223372036854775808,-9223372036854775808,-9223372036854775808,-9223372036854775808,-9223372036854775808,-9223372036854775808,-9223372036854775808,-9223372036854775808,-9223372036854775808,-9223372036854775808,-9223372036854775808,-9223372036854775808,-9223372036854775808,-9223372036854775808,-9223372036854775808,-9223372036854775808,-9223372036854775808,-9223372036854775808,-9223372036854775808,-9223372036854775808,-9223372036854775808,-9223372036854775808
17,-9223372036854775808,-9223372036854775808,-9223372036854775808,-9223372036854775808,-9223372036854775808,-9223372036854775808,-9223372036854775808,-9223372036854775808,-9223372036854775808,-9223372036854775808,-9223372036854775808,-9223372036854775808,-9223372036854775808,-9223372036854775808,-9223372036854775808,-9223372036854775808,-9223372036854775808,-9223372036854775808,-9223372036854775808,-9223372036854775808,-9223372036854775808,-9223372036854775808,-9223372036854775808,-9223372036854775808,-9223372036854775808,-9223372036854775808,-9223372036854775808,-9223372036854775808,-9223372036854775808,-9223372036854775808,-9223372036854775808,-9223372036854775808,-9223372036854775808,-9223372036854775808
18,-9223372036854775808,-9223372036854775808,-9223372036854775808,-9223372036854775808,-9223372036854775808,-9223372036854775808,-9223372036854775808,-9223372036854775808,-9223372036854775808,-9223372036854775808,-9223372036854775808,-9223372036854775808,-9223372036854775808,-9223372036854775808,-9223372036854775808,-9223372036854775808,-9223372036854775808,-9223372036854775808,-9223372036854775808,-9223372036854775808,-9223372036854775808,-9223372036854775808,-9223372036854775808,-9223372036854775808,-9223372036854775808,-9223372036854775808,-9223372036854775808,-9223372036854775808,-9223372036854775808,-9223372036854775808,-9223372036854775808,-9223372036854775808,-9223372036854775808,-9223372036854775808
19,-9223372036854775808,-9223372036854775808,-9223372036854775808,-9223372036854775808,-9223372036854775808,-9223372036854775808,-9223372036854775808,-9223372036854775808,-9223372036854775808,-9223372036854775808,-9223372036854775808,-9223372036854775808,-9223372036854775808,-9223372036854775808,-9223372036854775808,-9223372036854775808,-9223372036854775808,-9223372036854775808,-9223372036854775808,-9223372036854775808,-9223372036854775808,-9223372036854775808,-9223372036854775808,-9223372036854775808,-9223372036854775808,-9223372036854775808,-9223372036854775808,-9223372036854775808,-9223372036854775808,-9223372036854775808,-9223372036854775808,-9223372036854775808,-9223372036854775808,-9223372036854775808
20,-9223372036854775808,-9223372036854775808,-9223372036854775808,-9223372036854775808,-9223372036854775808,-9223372036854775808,-9223372036854775808,-9223372036854775808,-9223372036854775808,-9223372036854775808,-9223372036854775808,-9223372036854775808,-9223372036854775808,-9223372036854775808,-9223372036854775808,-9223372036854775808,-9223372036854775808,-9223372036854775808,-9223372036854775808,-9223372036854775808,-9223372036854775808,-9223372036854775808,-9223372036854775808,-9223372036854775808,-9223372036854775808,-9223372036854775808,-9223372036854775808,-9223372036854775808,-9223372036854775808,-9223372036854775808,-9223372036854775808,-9223372036854775808,-9223372036854775808,-9223372036854775808
21,-9223372036854775808,-9223372036854775808,-9223372036854775808,-9223372036854775808,-9223372036854775808,-9223372036854775808,-9223372036854775808,-9223372036854775808,-9223372036854775808,-9223372036854775808,-9223372036854775808,-9223372036854775808,-9223372036854775808,-9223372036854775808,-9223372036854775808,-9223372036854775808,-9223372036854775808,-9223372036854775808,-9223372036854775808,-9223372036854775808,-9223372036854775808,-9223372036854775808,-9223372036854775808,-9223372036854775808,-9223372036854775808,-9223372036854775808,-9223372036854775808,-9223372036854775808,-9223372036854775808,-9223372036854775808,-9223372036854775808,-9223372036854775808,-9223372036854775808,-9223372036854775808
22,-9223372036854775808,-9223372036854775808,-9223372036854775808,-9223372036854775808,-9223372036854775808,-9223372036854775808,-9223372036854775808,-9223372036854775808,-9223372036854775808,-9223372036854775808,-9223372036854775808,-9223372036854775808,-9223372036854775808,-9223372036854775808,-9223372036854775808,-9223372036854775808,-9223372036854775808,-9223372036854775808,-9223372036854775808,-9223372036854775808,-9223372036854775808,-9223372036854775808,-9223372036854775808,-9223372036854775808,-9223372036854775808,-9223372036854775808,-9223372036854775808,-9223372036854775808,-9223372036854775808,-9223372036854775808,-9223372036854775808,-9223372036854775808,-9223372036854775808,-9223372036854775808
23,-9223372036854775808,-9223372036854775808,-9223372036854775808,-9223372036854775808,-9223372036854775808,-9223372036854775808,-9223372036854775808,-9223372036854775808,-9223372036854775808,-9223372036854775808,-9223372036854775808,-9223372036854775808,-9223372036854775808,-9223372036854775808,-9223372036854775808,-9223372036854775808,-9223372036854775808,-9223372036854775808,-9223372036854775808,-9223372036854775808,-9223372036854775808,-9223372036854775808,-9223372036854775808,-9223372036854775808,-9223372036854775808,-9223372036854775808,-9223372036854775808,-9223372036854775808,-9223372036854775808,-9223372036854775808,-9223372036854775808,-9223372036854775808,-9223372036854775808,-9223372036854775808
24,-9223372036854775808,-9223372036854775808,-9223372036854775808,-9223372036854775808,-9223372036854775808,-9223372036854775808,-9223372036854775808,-9223372036854775808,-9223372036854775808,-9223372036854775808,-9223372036854775808,-9223372036854775808,-9223372036854775808,-9223372036854775808,-9223372036854775808,-9223372036854775808,-9223372036854775808,-9223372036854775808,-9223372036854775808,-9223372036854775808,-9223372036854775808,-9223372036854775808,-9223372036854775808,-9223372036854775808,-9223372036854775808,-9223372036854775808,-9223372036854775808,-9223372036854775808,-9223372036854775808,-9223372036854775808,-9223372036854775808,-9223372036854775808,-9223372036854775808,-9223372036854775808
25,-9223372036854775808,-9223372036854775808,-9223372036854775808,-9223372036854775808,-9223372036854775808,-9223372036854775808,-9223372036854775808,-9223372036854775808,-9223372036854775808,-9223372036854775808,-9223372036854775808,-9223372036854775808,-9223372036854775808,-9223372036854775808,-9223372036854775808,-9223372036854775808,-9223372036854775808,-9223372036854775808,-9223372036854775808,-9223372036854775808,-9223372036854775808,-9223372036854775808,-9223372036854775808,-9223372036854775808,-9223372036854775808,-9223372036854775808,-9223372036854775808,-9223372036854775808,-9223372036854775808,-9223372036854775808,-9223372036854775808,-9223372036854775808,-9223372036854775808,-9223372036854775808
26,-9223372036854775808,-9223372036854775808,-9223372036854775808,-9223372036854775808,-9223372036854775808,-9223372036854775808,-9223372036854775808,-9223372036854775808,-9223372036854775808,-9223372036854775808,-9223372036854775808,-9223372036854775808,-9223372036854775808,-9223372036854775808,-9223372036854775808,-9223372036854775808,-9223372036854775808,-9223372036854775808,-9223372036854775808,-9223372036854775808,-9223372036854775808,-9223372036854775808,-9223372036854775808,-9223372036854775808,-9223372036854775808,-9223372036854775808,-9223372036854775808,-9223372036854775808,-9223372036854775808,-9223372036854775808,-9223372036854775808,-9223372036854775808,-9223372036854775808,-9223372036854775808
27,-9223372036854775808,-9223372036854775808,-9223372036854775808,-9223372036854775808,-9223372036854775808,-9223372036854775808,-9223372036854775808,-9223372036854775808,-9223372036854775808,-9223372036854775808,-9223372036854775808,-9223372036854775808,-9223372036854775808,-9223372036854775808,-9223372036854775808,-9223372036854775808,-9223372036854775808,-9223372036854775808,-9223372036854775808,-9223372036854775808,-9223372036854775808,-9223372036854775808,-9223372036854775808,-9223372036854775808,-9223372036854775808,-9223372036854775808,-9223372036854775808,-9223372036854775808,-9223372036854775808,-9223372036854775808,-9223372036854775808,-9223372036854775808,-9223372036854775808,-9223372036854775808
28,-9223372036854775808,-9223372036854775808,-9223372036854775808,-9223372036854775808,-9223372036854775808,-9223372036854775808,-9223372036854775808,-9223372036854775808,-9223372036854775808,-9223372036854775808,-9223372036854775808,-9223372036854775808,-9223372036854775808,-9223372036854775808,-9223372036854775808,-9223372036854775808,-9223372036854775808,-9223372036854775808,-9223372036854775808,-9223372036854775808,-9223372036854775808,-9223372036854775808,-9223372036854775808,-9223372036854775808,-9223372036854775808,-9223372036854775808,-9223372036854775808,-9223372036854775808,-9223372036854775808,-9223372036854775808,-9223372036854775808,-9223372036854775808,-9223372036854775808,-9223372036854775808
29,-9223372036854775808,-9223372036854775808,-9223372036854775808,-9223372036854775808,-9223372036854775808,-9223372036854775808,-9223372036854775808,-9223372036854775808,-9223372036854775808,-9223372036854775808,-9223372036854775808,-9223372036854775808,-9223372036854775808,-9223372036854775808,-9223372036854775808,-9223372036854775808,-9223372036854775808,-9223372036854775808,-9223372036854775808,-9223372036854775808,-9223372036854775808,-9223372036854775808,-9223372036854775808,-9223372036854775808,-9223372036854775808,-9223372036854775808,-9223372036854775808,-9223372036854775808,-9223372036854775808,-9223372036854775808,-9223372036854775808,-9223372036854775808,-9223372036854775808,-9223372036854775808
30,-9223372036854775808,-9223372036854775808,-9223372036854775808,-9223372036854775808,-9223372036854775808,-9223372036854775808,-9223372036854775808,-9223372036854775808,-9223372036854775808,-9223372036854775808,-9223372036854775808,-9223372036854775808,-9223372036854775808,-9223372036854775808,-9223372036854775808,-9223372036854775808,-9223372036854775808,-9223372036854775808,-9223372036854775808,-9223372036854775808,-9223372036854775808,-9223372036854775808,-9223372036854775808,-9223372036854775808,-9223372036854775808,-9223372036854775808,-9223372036854775808,-9223372036854775808,-9223372036854775808,-9223372036854775808,-9223372036854775808,-9223372036854775808,-9223372036854775808,-9223372036854775808
31,-9223372036854775808,-9223372036854775808,-9223372036854775808,-9223372036854775808,-9223372036854775808,-9223372036854775808,-9223372036854775808,-9223372036854775808,-9223372036854775808,-9223372036854775808,-9223372036854775808,-9223372036854775808,-9223372036854775808,-9223372036854775808,-9223372036854775808,-9223372036854775808,-9223372036854775808,-9223372036854775808,-9223372036854775808,-9223372036854775808,-9223372036854775808,-9223372036854775808,-9223372036854775808,-9223372036854775808,-9223372036854775808,-9223372036854775808,-9223372036854775808,-9223372036854775808,-9223372036854775808,-9223372036854775808,-9223372036854775808,-9223372036854775808,-9223372036854775808,-9223372036854775808
32,-9223372036854775808,-9223372036854775808,-9223372036854775808,-9223372036854775808,-9223372036854775808,-9223372036854775808,-9223372036854775808,-9223372036854775808,-9223372036854775808,-9223372036854775808,-9223372036854775808,-9223372036854775808,-9223372036854775808,-9223372036854775808,-9223372036854775808,-9223372036854775808,-9223372036854775808,-9223372036854775808,-9223372036854775808,-9223372036854775808,-9223372036854775808,-9223372036854775808,-9223372036854775808,-9223372036854775808,-9223372036854775808,-9223372036854775808,-9223372036854775808,-9223372036854775808,-9223372036854775808,-9223372036854775808,-9223372036854775808,-9223372036854775808,-9223372036854775808,-9223372036854775808
33,-9223372036854775808,-9223372036854775808,-9223372036854775808,-9223372036854775808,-9223372036854775808,-9223372036854775808,-9223372036854775808,-9223372036854775808,-9223372036854775808,-9223372036854775808,-9223372036854775808,-9223372036854775808,-9223372036854775808,-9223372036854775808,-9223372036854775808,-9223372036854775808,-9223372036854775808,-9223372036854775808,-9223372036854775808,-9223372036854775808,-9223372036854775808,-9223372036854775808,-9223372036854775808,-9223372036854775808,-9223372036854775808,-9223372036854775808,-9223372036854775808,-9223372036854775808,-9223372036854775808,-9223372036854775808,-9223372036854775808,-9223372036854775808,-9223372036854775808,-9223372036854775808
34,-9223372036854775808,-9223372036854775808,-9223372036854775808,-9223372036854775808,-9223372036854775808,-9223372036854775808,-9223372036854775808,-9223372036854775808,-9223372036854775808,-9223372036854775808,-9223372036854775808,-9223372036854775808,-9223372036854775808,-9223372036854775808,-9223372036854775808,-9223372036854775808,-9223372036854775808,-9223372036854775808,-9223372036854775808,-9223372036854775808,-9223372036854775808,-9223372036854775808,-9223372036854775808,-9223372036854775808,-9223372036854775808,-9223372036854775808,-9223372036854775808,-9223372036854775808,-9223372036854775808,-9223372036854775808,-9223372036854775808,-9223372036854775808,-9223372036854775808,-9223372036854775808
35,-9223372036854775808,-9223372036854775808,-9223372036854775808,-9223372036854775808,-9223372036854775808,-9223372036854775808,-9223372036854775808,-9223372036854775808,-9223372036854775808,-9223372036854775808,-9223372036854775808,-9223372036854775808,-9223372036854775808,-9223372036854775808,-9223372036854775808,-9223372036854775808,-9223372036854775808,-9223372036854775808,-9223372036854775808,-9223372036854775808,-9223372036854775808,-9223372036854775808,-9223372036854775808,-9223372036854775808,-9223372036854775808,-9223372036854775808,-9223372036854775808,-9223372036854775808,-9223372036854775808,-9223372036854775808,-9223372036854775808,-9223372036854775808,-9223372036854775808,-9223372036854775808
36,-9223372036854775808,-9223372036854775808,-9223372036854775808,-9223372036854775808,-9223372036854775808,-9223372036854775808,-9223372036854775808,-9223372036854775808,-9223372036854775808,-9223372036854775808,-9223372036854775808,-9223372036854775808,-9223372036854775808,-9223372036854775808,-9223372036854775808,-9223372036854775808,-9223372036854775808,-9223372036854775808,-9223372036854775808,-9223372036854775808,-9223372036854775808,-9223372036854775808,-9223372036854775808,-9223372036854775808,-9223372036854775808,-9223372036854775808,-9223372036854775808,-9223372036854775808,-9223372036854775808,-9223372036854775808,-9223372036854775808,-9223372036854775808,-9223372036854775808,-9223372036854775808
37,-9223372036854775808,-9223372036854775808,-9223372036854775808,-9223372036854775808,-9223372036854775808,-9223372036854775808,-9223372036854775808,-9223372036854775808,-9223372036854775808,-9223372036854775808,-9223372036854775808,-9223372036854775808,-9223372036854775808,-9223372036854775808,-9223372036854775808,-9223372036854775808,-9223372036854775808,-9223372036854775808,-9223372036854775808,-9223372036854775808,-9223372036854775808,-9223372036854775808,-9223372036854775808,-9223372036854775808,-9223372036854775808,-9223372036854775808,-9223372036854775808,-9223372036854775808,-9223372036854775808,-9223372036854775808,-9223372036854775808,-9223372036854775808,-9223372036854775808,-9223372036854775808
38,-9223372036854775808,-9223372036854775808,-9223372036854775808,-9223372036854775808,-9223372036854775808,-9223372036854775808,-9223372036854775808,-9223372036854775808,-9223372036854775808,-9223372036854775808,-9223372036854775808,-9223372036854775808,-9223372036854775808,-9223372036854775808,-9223372036854775808,-9223372036854775808,-9223372036854775808,-9223372036854775808,-9223372036854775808,-9223372036854775808,-9223372036854775808,-9223372036854775808,-9223372036854775808,-9223372036854775808,-9223372036854775808,-9223372036854775808,-9223372036854775808,-9223372036854775808,-9223372036854775808,-9223372036854775808,-9223372036854775808,-9223372036854775808,-9223372036854775808,-9223372036854775808
39,-9223372036854775808,-9223372036854775808,-9223372036854775808,-9223372036854775808,-9223372036854775808,-9223372036854775808,-9223372036854775808,-9223372036854775808,-9223372036854775808,-9223372036854775808,-9223372036854775808,-9223372036854775808,-9223372036854775808,-9223372036854775808,-9223372036854775808,-9223372036854775808,-9223372036854775808,-9223372036854775808,-9223372036854775808,-9223372036854775808,-9223372036854775808,-9223372036854775808,-9223372036854775808,-9223372036854775808,-9223372036854775808,-9223372036854775808,-9223372036854775808,-9223372036854775808,-9223372036854775808,-9223372036854775808,-9223372036854775808,-9223372036854775808,-9223372036854775808,-9223372036854775808
40,-9223372036854775808,-9223372036854775808,-9223372036854775808,-9223372036854775808,-9223372036854775808,-9223372036854775808,-9223372036854775808,-9223372036854775808,-9223372036854775808,-9223372036854775808,-9223372036854775808,-9223372036854775808,-9223372036854775808,-9223372036854775808,-9223372036854775808,-9223372036854775808,-9223372036854775808,-9223372036854775808,-9223372036854775808,-9223372036854775808,-9223372036854775808,-9223372036854775808,-9223372036854775808,-9223372036854775808,-9223372036854775808,-9223372036854775808,-9223372036854775808,-9223372036854775808,-9223372036854775808,-9223372036854775808,-9223372036854775808,-9223372036854775808,-9223372036854775808,-9223372036854775808
41,-9223372036854775808,-9223372036854775808,-9223372036854775808,-9223372036854775808,-9223372036854775808,-9223372036854775808,-9223372036854775808,-9223372036854775808,-9223372036854775808,-9223372036854775808,-9223372036854775808,-9223372036854775808,-9223372036854775808,-9223372036854775808,-9223372036854775808,-9223372036854775808,-9223372036854775808,-9223372036854775808,-9223372036854775808,-9223372036854775808,-9223372036854775808,-9223372036854775808,-9223372036854775808,-9223372036854775808,-9223372036854775808,-9223372036854775808,-9223372036854775808,-9223372036854775808,-9223372036854775808,-9223372036854775808,-9223372036854775808,-9223372036854775808,-9223372036854775808,-9223372036854775808
42,-9223372036854775808,-9223372036854775808,-9223372036854775808,-9223372036854775808,-9223372036854775808,-9223372036854775808,-9223372036854775808,-9223372036854775808,-9223372036854775808,-9223372036854775808,-9223372036854775808,-9223372036854775808,-9223372036854775808,-9223372036854775808,-9223372036854775808,-9223372036854775808,-9223372036854775808,-9223372036854775808,-9223372036854775808,-9223372036854775808,-9223372036854775808,-9223372036854775808,-9223372036854775808,-9223372036854775808,-9223372036854775808,-9223372036854775808,-9223372036854775808,-9223372036854775808,-9223372036854775808,-9223372036854775808,-9223372036854775808,-9223372036854775808,-9223372036854775808,-9223372036854775808
43,-9223372036854775808,-9223372036854775808,-9223372036854775808,-9223372036854775808,-9223372036854775808,-9223372036854775808,-9223372036854775808,-9223372036854775808,-9223372036854775808,-9223372036854775808,-9223372036854775808,-9223372036854775808,-9223372036854775808,-9223372036854775808,-9223372036854775808,-9223372036854775808,-9223372036854775808,-9223372036854775808,-9223372036854775808,-9223372036854775808,-9223372036854775808,-9223372036854775808,-9223372036854775808,-9223372036854775808,-9223372036854775808,-9223372036854775808,-9223372036854775808,-9223372036854775808,-9223372036854775808,-9223372036854775808,-9223372036854775808,-9223372036854775808,-9223372036854775808,-9223372036854775808
44,-9223372036854775808,-9223372036854775808,-9223372036854775808,-9223372036854775808,-9223372036854775808,-9223372036854775808,-9223372036854775808,-9223372036854775808,-9223372036854775808,-9223372036854775808,-9223372036854775808,-9223372036854775808,-9223372036854775808,-9223372036854775808,-9223372036854775808,-9223372036854775808,-9223372036854775808,-9223372036854775808,-9223372036854775808,-9223372036854775808,-9223372036854775808,-9223372036854775808,-9223372036854775808,-9223372036854775808,-9223372036854775808,-9223372036854775808,-9223372036854775808,-9223372036854775808,-9223372036854775808,-9223372036854775808,-9223372036854775808,-9223372036854775808,-9223372036854775808,-9223372036854775808
45,-9223372036854775808,-9223372036854775808,-9223372036854775808,-9223372036854775808,-9223372036854775808,-9223372036854775808,-9223372036854775808,-9223372036854775808,-9223372036854775808,-9223372036854775808,-9223372036854775808,-9223372036854775808,-9223372036854775808,-9223372036854775808,-9223372036854775808,-9223372036854775808,-9223372036854775808,-9223372036854775808,-9223372036854775808,-9223372036854775808,-9223372036854775808,-9223372036854775808,-9223372036854775808,-9223372036854775808,-9223372036854775808,-9223372036854775808,-9223372036854775808,-9223372036854775808,-9223372036854775808,-9223372036854775808,-9223372036854775808,-9223372036854775808,-9223372036854775808,-9223372036854775808
46,-9223372036854775808,-9223372036854775808,-9223372036854775808,-9223372036854775808,-9223372036854775808,-9223372036854775808,-9223372036854775808,-9223372036854775808,-9223372036854775808,-9223372036854775808,-9223372036854775808,-9223372036854775808,-9223372036854775808,-9223372036854775808,-9223372036854775808,-9223372036854775808,-9223372036854775808,-9223372036854775808,-9223372036854775808,-9223372036854775808,-9223372036854775808,-9223372036854775808,-9223372036854775808,-9223372036854775808,-9223372036854775808,-9223372036854775808,-9223372036854775808,-9223372036854775808,-9223372036854775808,-9223372036854775808,-9223372036854775808,-9223372036854775808,-9223372036854775808,-9223372036854775808
47,-9223372036854775808,-9223372036854775808,-9223372036854775808,-9223372036854775808,-9223372036854775808,-9223372036854775808,-9223372036854775808,-9223372036854775808,-9223372036854775808,-9223372036854775808,-9223372036854775808,-9223372036854775808,-9223372036854775808,-9223372036854775808,-9223372036854775808,-9223372036854775808,-9223372036854775808,-9223372036854775808,-9223372036854775808,-9223372036854775808,-9223372036854775808,-9223372036854775808,-9223372036854775808,-9223372036854775808,-9223372036854775808,-9223372036854775808,-9223372036854775808,-9223372036854775808,-9223372036854775808,-9223372036854775808,-9223372036854775808,-9223372036854775808,-9223372036854775808,-9223372036854775808
48,-9223372036854775808,-9223372036854775808,-9223372036854775808,-9223372036854775808,-9223372036854775808,-9223372036854775808,-9223372036854775808,-9223372036854775808,-9223372036854775808,-9223372036854775808,-9223372036854775808,-9223372036854775808,-9223372036854775808,-9223372036854775808,-9223372036854775808,-9223372036854775808,-9223372036854775808,-9223372036854775808,-9223372036854775808,-9223372036854775808,-9223372036854775808,-9223372036854775808,-9223372036854775808,-9223372036854775808,-9223372036854775808,-9223372036854775808,-9223372036854775808,-9223372036854775808,-9223372036854775808,-9223372036854775808,-9223372036854775808,-9223372036854775808,-9223372036854775808,-9223372036854775808
49,-9223372036854775808,-9223372036854775808,-9223372036854775808,-9223372036854775808,-9223372036854775808,-9223372036854775808,-9223372036854775808,-9223372036854775808,-9223372036854775808,-9223372036854775808,-9223372036854775808,-9223372036854775808,-9223372036854775808,-9223372036854775808,-9223372036854775808,-9223372036854775808,-9223372036854775808,-9223372036854775808,-9223372036854775808,-9223372036854775808,-9223372036854775808,-9223372036854775808,-9223372036854775808,-9223372036854775808,-9223372036854775808,-9223372036854775808,-9223372036854775808,-9223372036854775808,-9223372036854775808,-9223372036854775808,-9223372036854775808,-9223372036854775808,-9223372036854775808,-9223372036854775808
50,-9223372036854775808,-9223372036854775808,-9223372036854775808,-9223372036854775808,-9223372036854775808,-9223372036854775808,-9223372036854775808,-9223372036854775808,-9223372036854775808,-9223372036854775808,-9223372036854775808,-9223372036854775808,-9223372036854775808,-9223372036854775808,-9223372036854775808,-9223372036854775808,-9223372036854775808,-9223372036854775808,-9223372036854775808,-9223372036854775808,-9223372036854775808,-9223372036854775808,-9223372036854775808,-9223372036854775808,-9223372036854775808,-9223372036854775808,-9223372036854775808,-9223372036854775808,-9223372036854775808,-9223372036854775808,-9223372036854775808,-9223372036854775808,-9223372036854775808,-9223372036854775808
51,-9223372036854775808,-9223372036854775808,-9223372036854775808,-9223372036854775808,-9223372036854775808,-9223372036854775808,-9223372036854775808,-9223372036854775808,-9223372036854775808,-9223372036854775808,-9223372036854775808,-9223372036854775808,-9223372036854775808,-9223372036854775808,-9223372036854775808,-9223372036854775808,-9223372036854775808,-9223372036854775808,-9223372036854775808,-9223372036854775808,-9223372036854775808,-9223372036854775808,-9223372036854775808,-9223372036854775808,-9223372036854775808,-9223372036854775808,-9223372036854775808,-9223372036854775808,-9223372036854775808,-9223372036854775808,-9223372036854775808,-9223372036854775808,-9223372036854775808,-9223372036854775808
52,-9223372036854775808,-9223372036854775808,-9223372036854775808,-9223372036854775808,-9223372036854775808,-9223372036854775808,-9223372036854775808,-9223372036854775808,-9223372036854775808,-9223372036854775808,-9223372036854775808,-9223372036854775808,-9223372036854775808,-9223372036854775808,-9223372036854775808,-9223372036854775808,-9223372036854775808,-9223372036854775808,-9223372036854775808,-9223372036854775808,-9223372036854775808,-9223372036854775808,-9223372036854775808,-9223372036854775808,-9223372036854775808,-9223372036854775808,-9223372036854775808,-9223372036854775808,-9223372036854775808,-9223372036854775808,-9223372036854775808,-9223372036854775808,-9223372036854775808,-9223372036854775808
53,-9223372036854775808,-9223372036854775808,-9223372036854775808,-9223372036854775808,-9223372036854775808,-9223372036854775808,-9223372036854775808,-9223372036854775808,-9223372036854775808,-9223372036854775808,-9223372036854775808,-9223372036854775808,-9223372036854775808,-9223372036854775808,-9223372036854775808,-9223372036854775808,-9223372036854775808,-9223372036854775808,-9223372036854775808,-9223372036854775808,-9223372036854775808,-9223372036854775808,-9223372036854775808,-9223372036854775808,-9223372036854775808,-9223372036854775808,-9223372036854775808,-9223372036854775808,-9223372036854775808,-9223372036854775808,-9223372036854775808,-9223372036854775808,-9223372036854775808,-9223372036854775808
54,-9223372036854775808,-9223372036854775808,-9223372036854775808,-9223372036854775808,-9223372036854775808,-9223372036854775808,-9223372036854775808,-9223372036854775808,-9223372036854775808,-9223372036854775808,-9223372036854775808,-9223372036854775808,-9223372036854775808,-9223372036854775808,-9223372036854775808,-9223372036854775808,-9223372036854775808,-9223372036854775808,-9223372036854775808,-9223372036854775808,-9223372036854775808,-9223372036854775808,-9223372036854775808,-9223372036854775808,-9223372036854775808,-9223372036854775808,-9223372036854775808,-9223372036854775808,-9223372036854775808,-9223372036854775808,-9223372036854775808,-9223372036854775808,-9223372036854775808,-9223372036854775808
55,-9223372036854775808,-9223372036854775808,-9223372036854775808,-9223372036854775808,-9223372036854775808,-9223372036854775808,-9223372036854775808,-9223372036854775808,-9223372036854775808,-9223372036854775808,-9223372036854775808,-9223372036854775808,-9223372036854775808,-9223372036854775808,-9223372036854775808,-9223372036854775808,-9223372036854775808,-9223372036854775808,-9223372036854775808,-9223372036854775808,-9223372036854775808,-9223372036854775808,-9223372036854775808,-9223372036854775808,-9223372036854775808,-9223372036854775808,-9223372036854775808,-9223372036854775808,-9223372036854775808,-9223372036854775808,-9223372036854775808,-9223372036854775808,-9223372036854775808,-9223372036854775808
56,-9223372036854775808,-9223372036854775808,-9223372036854775808,-9223372036854775808,-9223372036854775808,-9223372036854775808,-9223372036854775808,-9223372036854775808,-9223372036854775808,-9223372036854775808,-9223372036854775808,-9223372036854775808,-9223372036854775808,-9223372036854775808,-9223372036854775808,-9223372036854775808,-9223372036854775808,-9223372036854775808,-9223372036854775808,-9223372036854775808,-9223372036854775808,-9223372036854775808,-9223372036854775808,-9223372036854775808,-9223372036854775808,-9223372036854775808,-9223372036854775808,-9223372036854775808,-9223372036854775808,-9223372036854775808,-9223372036854775808,-9223372036854775808,-9223372036854775808,-9223372036854775808
57,-9223372036854775808,-9223372036854775808,-9223372036854775808,-9223372036854775808,-9223372036854775808,-9223372036854775808,-9223372036854775808,-9223372036854775808,-9223372036854775808,-9223372036854775808,-9223372036854775808,-9223372036854775808,-9223372036854775808,-9223372036854775808,-9223372036854775808,-9223372036854775808,-9223372036854775808,-9223372036854775808,-9223372036854775808,-9223372036854775808,-9223372036854775808,-9223372036854775808,-9223372036854775808,-9223372036854775808,-9223372036854775808,-9223372036854775808,-9223372036854775808,-9223372036854775808,-9223372036854775808,-9223372036854775808,-9223372036854775808,-9223372036854775808,-9223372036854775808,-9223372036854775808
58,-9223372036854775808,-9223372036854775808,-9223372036854775808,-9223372036854775808,-9223372036854775808,-9223372036854775808,-9223372036854775808,-9223372036854775808,-9223372036854775808,-9223372036854775808,-9223372036854775808,-9223372036854775808,-9223372036854775808,-9223372036854775808,-9223372036854775808,-9223372036854775808,-9223372036854775808,-9223372036854775808,-9223372036854775808,-9223372036854775808,-9223372036854775808,-9223372036854775808,-9223372036854775808,-9223372036854775808,-9223372036854775808,-9223372036854775808,-9223372036854775808,-9223372036854775808,-9223372036854775808,-9223372036854775808,-9223372036854775808,-9223372036854775808,-9223372036854775808,-9223372036854775808
59,-9223372036854775808,-9223372036854775808,-9223372036854775808,-9223372036854775808,-9223372036854775808,-9223372036854775808,-9223372036854775808,-9223372036854775808,-9223372036854775808,-9223372036854775808,-9223372036854775808,-9223372036854775808,-9223372036854775808,-9223372036854775808,-9223372036854775808,-9223372036854775808,-9223372036854775808,-9223372036854775808,-9223372036854775808,-9223372036854775808,-9223372036854775808,-9223372036854775808,-9223372036854775808,-9223372036854775808,-9223372036854775808,-9223372036854775808,-9223372036854775808,-9223372036854775808,-9223372036854775808,-9223372036854775808,-9223372036854775808,-9223372036854775808,-9223372036854775808,-9223372036854775808
60,-9223372036854775808,-9223372036854775808,-9223372036854775808,-9223372036854775808,-9223372036854775808,-9223372036854775808,-9223372036854775808,-9223372036854775808,-9223372036854775808,-9223372036854775808,-9223372036854775808,-9223372036854775808,-9223372036854775808,-9223372036854775808,-9223372036854775808,-9223372036854775808,-9223372036854775808,-9223372036854775808,-9223372036854775808,-9223372036854775808,-9223372036854775808,-9223372036854775808,-9223372036854775808,-9223372036854775808,-9223372036854775808,-9223372036854775808,-9223372036854775808,-9223372036854775808,-9223372036854775808,-9223372036854775808,-9223372036854775808,-9223372036854775808,-9223372036854775808,-9223372036854775808
61,-9223372036854775808,-9223372036854775808,-9223372036854775808,-9223372036854775808,-9223372036854775808,-9223372036854775808,-9223372036854775808,-9223372036854775808,-9223372036854775808,-9223372036854775808,-9223372036854775808,-9223372036854775808,-9223372036854775808,-9223372036854775808,-9223372036854775808,-9223372036854775808,-9223372036854775808,-9223372036854775808,-9223372036854775808,-9223372036854775808,-9223372036854775808,-9223372036854775808,-9223372036854775808,-9223372036854775808,-9223372036854775808,-9223372036854775808,-9223372036854775808,-9223372036854775808,-9223372036854775808,-9223372036854775808,-9223372036854775808,-9223372036854775808,-9223372036854775808,-9223372036854775808
62,-9223372036854775808,-9223372036854775808,-9223372036854775808,-9223372036854775808,-9223372036854775808,-9223372036854775808,-9223372036854775808,-9223372036854775808,-9223372036854775808,-9223372036854775808,-9223372036854775808,-9223372036854775808,-9223372036854775808,-9223372036854775808,-9223372036854775808,-9223372036854775808,-9223372036854775808,-9223372036854775808,-9223372036854775808,-9223372036854775808,-9223372036854775808,-9223372036854775808,-9223372036854775808,-9223372036854775808,-9223372036854775808,-9223372036854775808,-9223372036854775808,-9223372036854775808,-9223372036854775808,-9223372036854775808,-9223372036854775808,-9223372036854775808,-9223372036854775808,-9223372036854775808
63,-9223372036854775808,-9223372036854775808,-9223372036854775808,-9223372036854775808,-9223372036854775808,-9223372036854775808,-9223372036854775808,-9223372036854775808,-9223372036854775808,-9223372036854775808,-9223372036854775808,-9223372036854775808,-9223372036854775808,-9223372036854775808,-9223372036854775808,-9223372036854775808,-9223372036854775808,-9223372036854775808,-9223372036854775808,-9223372036854775808,-9223372036854775808,-9223372036854775808,-9223372036854775808,-9223372036854775808,-9223372036854775808,-9223372036854775808,-9223372036854775808,-9223372036854775808,-9223372036854775808,-9223372036854775808,-9223372036854775808,-9223372036854775808,-9223372036854775808,-9223372036854775808
